idx,name,ms,sm_clock_mhz
0,000000.npy,22.591,1620
1,000001.npy,17.218,
2,000002.npy,15.392,
3,000003.npy,18.283,
4,000004.npy,18.301,
5,000005.npy,16.859,
6,000006.npy,17.338,
7,000007.npy,16.292,
8,000008.npy,16.020,
9,000009.npy,17.401,
10,000010.npy,17.698,1620
11,000011.npy,15.321,
12,000012.npy,14.988,
13,000013.npy,15.429,
14,000014.npy,15.936,
15,000015.npy,17.374,
16,000016.npy,17.495,
17,000017.npy,17.513,
18,000018.npy,15.230,
19,000019.npy,15.251,
20,000020.npy,17.577,1620
21,000021.npy,16.270,
22,000022.npy,16.481,
23,000023.npy,18.149,
24,000024.npy,17.715,
25,000025.npy,18.785,
26,000026.npy,18.444,
27,000027.npy,15.183,
28,000028.npy,15.551,
29,000029.npy,15.364,
30,000030.npy,15.508,1620
31,000031.npy,15.159,
32,000032.npy,15.188,
33,000033.npy,15.165,
34,000034.npy,15.352,
35,000035.npy,15.047,
36,000036.npy,15.320,
37,000037.npy,15.076,
38,000038.npy,18.910,
39,000039.npy,18.072,
40,000040.npy,17.970,1620
41,000041.npy,16.457,
42,000042.npy,19.109,
43,000043.npy,17.299,
44,000044.npy,15.622,
45,000045.npy,15.599,
46,000046.npy,15.853,
47,000047.npy,15.220,
48,000048.npy,15.292,
49,000049.npy,15.225,
50,000050.npy,15.355,1620
51,000051.npy,15.222,
52,000052.npy,15.028,
53,000053.npy,15.079,
54,000054.npy,16.163,
55,000055.npy,17.157,
56,000056.npy,18.873,
57,000057.npy,17.062,
58,000058.npy,15.831,
59,000059.npy,17.779,
60,000060.npy,15.493,1620
61,000061.npy,15.264,
62,000062.npy,19.075,
63,000063.npy,16.645,
64,000064.npy,16.712,
65,000065.npy,18.024,
66,000066.npy,15.416,
67,000067.npy,15.394,
68,000068.npy,15.379,
69,000069.npy,15.528,
70,000070.npy,15.458,1620
71,000071.npy,14.839,
72,000072.npy,17.346,
73,000073.npy,20.428,
74,000074.npy,16.943,
75,000075.npy,17.783,
76,000076.npy,16.631,
77,000077.npy,16.698,
78,000078.npy,15.561,
79,000079.npy,15.069,
80,000080.npy,15.773,1620
81,000081.npy,15.681,
82,000082.npy,15.499,
83,000083.npy,15.006,
84,000084.npy,14.895,
85,000085.npy,15.028,
86,000086.npy,15.000,
87,000087.npy,17.116,
88,000088.npy,15.351,
89,000089.npy,15.360,
90,000090.npy,22.056,1620
91,000091.npy,16.640,
92,000092.npy,21.000,
93,000093.npy,35.698,
94,000094.npy,15.665,
95,000095.npy,15.397,
96,000096.npy,15.344,
97,000097.npy,15.075,
98,000098.npy,15.501,
99,000099.npy,15.483,
100,000100.npy,15.116,1620
101,000101.npy,14.982,
102,000102.npy,14.849,
103,000103.npy,15.257,
104,000104.npy,15.395,
105,000105.npy,15.381,
106,000106.npy,17.210,
107,000107.npy,16.962,
108,000108.npy,17.875,
109,000109.npy,15.624,
110,000110.npy,16.249,1620
111,000111.npy,15.312,
112,000112.npy,15.259,
113,000113.npy,16.185,
114,000114.npy,15.151,
115,000115.npy,14.822,
116,000116.npy,15.186,
117,000117.npy,15.660,
118,000118.npy,15.094,
119,000119.npy,15.285,
120,000120.npy,14.749,1620
121,000121.npy,17.241,
122,000122.npy,16.547,
123,000123.npy,18.012,
124,000124.npy,17.640,
125,000125.npy,17.060,
126,000126.npy,17.481,
127,000127.npy,15.379,
128,000128.npy,16.473,
129,000129.npy,15.178,
130,000130.npy,15.116,1620
131,000131.npy,15.365,
132,000132.npy,15.192,
133,000133.npy,15.272,
134,000134.npy,15.111,
135,000135.npy,15.192,
136,000136.npy,16.319,
137,000137.npy,17.694,
138,000138.npy,16.247,
139,000139.npy,17.363,
140,000140.npy,15.148,1620
141,000141.npy,17.880,
142,000142.npy,17.291,
143,000143.npy,16.390,
144,000144.npy,16.764,
145,000145.npy,15.068,
146,000146.npy,15.271,
147,000147.npy,15.232,
148,000148.npy,15.326,
149,000149.npy,15.395,
150,000150.npy,15.736,1620
151,000151.npy,16.710,
152,000152.npy,16.732,
153,000153.npy,16.453,
154,000154.npy,18.040,
155,000155.npy,15.416,
156,000156.npy,14.975,
157,000157.npy,15.960,
158,000158.npy,17.716,
159,000159.npy,17.478,
160,000160.npy,16.806,1620
161,000161.npy,15.345,
162,000162.npy,15.139,
163,000163.npy,15.256,
164,000164.npy,15.135,
165,000165.npy,15.098,
166,000166.npy,14.808,
167,000167.npy,14.974,
168,000168.npy,17.535,
169,000169.npy,17.501,
170,000170.npy,17.114,1620
171,000171.npy,15.096,
172,000172.npy,15.087,
173,000173.npy,14.827,
174,000174.npy,15.100,
175,000175.npy,17.258,
176,000176.npy,17.800,
177,000177.npy,17.125,
178,000178.npy,16.795,
179,000179.npy,16.731,
180,000180.npy,14.964,1620
181,000181.npy,15.537,
182,000182.npy,15.177,
183,000183.npy,17.306,
184,000184.npy,17.451,
185,000185.npy,17.007,
186,000186.npy,17.378,
187,000187.npy,14.915,
188,000188.npy,15.160,
189,000189.npy,29.943,
190,000190.npy,18.073,1620
191,000191.npy,18.555,
192,000192.npy,17.875,
193,000193.npy,17.848,
194,000194.npy,16.307,
195,000195.npy,16.078,
196,000196.npy,15.670,
197,000197.npy,15.159,
198,000198.npy,16.355,
199,000199.npy,18.161,
200,000200.npy,18.572,1620
201,000201.npy,15.704,
202,000202.npy,15.311,
203,000203.npy,15.348,
204,000204.npy,18.090,
205,000205.npy,15.675,
206,000206.npy,15.031,
207,000207.npy,15.111,
208,000208.npy,15.445,
209,000209.npy,16.676,
210,000210.npy,19.136,1620
211,000211.npy,15.688,
212,000212.npy,17.925,
213,000213.npy,15.327,
214,000214.npy,17.089,
215,000215.npy,16.654,
216,000216.npy,17.186,
217,000217.npy,16.839,
218,000218.npy,15.594,
219,000219.npy,15.550,
220,000220.npy,15.057,1620
221,000221.npy,15.061,
222,000222.npy,15.220,
223,000223.npy,15.246,
224,000224.npy,15.529,
225,000225.npy,15.325,
226,000226.npy,15.007,
227,000227.npy,18.787,
228,000228.npy,17.636,
229,000229.npy,17.228,
230,000230.npy,17.482,1620
231,000231.npy,18.735,
232,000232.npy,16.919,
233,000233.npy,16.257,
234,000234.npy,15.233,
235,000235.npy,14.932,
236,000236.npy,14.978,
237,000237.npy,21.689,
238,000238.npy,20.256,
239,000239.npy,16.963,
240,000240.npy,16.406,1620
241,000241.npy,14.800,
242,000242.npy,15.202,
243,000243.npy,20.719,
244,000244.npy,18.620,
245,000245.npy,16.863,
246,000246.npy,17.203,
247,000247.npy,17.022,
248,000248.npy,16.047,
249,000249.npy,15.941,
250,000250.npy,15.202,1620
251,000251.npy,16.464,
252,000252.npy,17.164,
253,000253.npy,15.839,
254,000254.npy,15.614,
255,000255.npy,15.383,
256,000256.npy,14.962,
257,000257.npy,15.253,
258,000258.npy,14.908,
259,000259.npy,15.749,
260,000260.npy,16.084,1620
261,000261.npy,18.399,
262,000262.npy,17.402,
263,000263.npy,15.697,
264,000264.npy,19.454,
265,000265.npy,15.746,
266,000266.npy,14.888,
267,000267.npy,15.826,
268,000268.npy,17.385,
269,000269.npy,17.962,
270,000270.npy,17.102,1620
271,000271.npy,15.454,
272,000272.npy,15.113,
273,000273.npy,15.771,
274,000274.npy,14.941,
275,000275.npy,15.143,
276,000276.npy,15.279,
277,000277.npy,15.509,
278,000278.npy,15.507,
279,000279.npy,18.065,
280,000280.npy,17.945,1620
281,000281.npy,17.028,
282,000282.npy,15.817,
283,000283.npy,15.250,
284,000284.npy,15.235,
285,000285.npy,17.380,
286,000286.npy,15.041,
287,000287.npy,14.980,
288,000288.npy,15.132,
289,000289.npy,15.534,
290,000290.npy,15.033,1620
291,000291.npy,15.084,
292,000292.npy,15.084,
293,000293.npy,16.176,
294,000294.npy,15.366,
295,000295.npy,15.329,
296,000296.npy,14.969,
297,000297.npy,18.796,
298,000298.npy,17.550,
299,000299.npy,16.712,
300,000300.npy,16.185,1620
301,000301.npy,15.855,
302,000302.npy,17.720,
303,000303.npy,15.861,
304,000304.npy,15.869,
305,000305.npy,17.737,
306,000306.npy,15.944,
307,000307.npy,15.600,
308,000308.npy,15.701,
309,000309.npy,17.533,
310,000310.npy,17.262,1185
311,000311.npy,15.898,
312,000312.npy,20.133,
313,000313.npy,20.083,
314,000314.npy,18.345,
315,000315.npy,17.971,
316,000316.npy,18.677,
317,000317.npy,16.124,
318,000318.npy,18.002,
319,000319.npy,16.142,
320,000320.npy,16.200,1185
321,000321.npy,16.114,
322,000322.npy,15.920,
323,000323.npy,16.035,
324,000324.npy,16.239,
325,000325.npy,16.027,
326,000326.npy,15.873,
327,000327.npy,15.899,
328,000328.npy,15.937,
329,000329.npy,18.883,
330,000330.npy,16.936,1110
331,000331.npy,19.050,
332,000332.npy,19.318,
333,000333.npy,18.773,
334,000334.npy,16.201,
335,000335.npy,16.184,
336,000336.npy,16.272,
337,000337.npy,16.370,
338,000338.npy,16.098,
339,000339.npy,16.177,
340,000340.npy,16.656,1080
341,000341.npy,16.233,
342,000342.npy,17.851,
343,000343.npy,18.215,
344,000344.npy,17.552,
345,000345.npy,18.519,
346,000346.npy,17.958,
347,000347.npy,19.104,
348,000348.npy,20.460,
349,000349.npy,18.437,
350,000350.npy,18.339,1080
351,000351.npy,16.406,
352,000352.npy,17.188,
353,000353.npy,16.907,
354,000354.npy,17.058,
355,000355.npy,16.885,
356,000356.npy,17.047,
357,000357.npy,16.818,
358,000358.npy,19.236,
359,000359.npy,19.639,
360,000360.npy,17.909,1020
361,000361.npy,15.843,
362,000362.npy,15.880,
363,000363.npy,19.684,
364,000364.npy,17.658,
365,000365.npy,17.415,
366,000366.npy,18.233,
367,000367.npy,16.135,
368,000368.npy,15.826,
369,000369.npy,16.250,
370,000370.npy,15.806,1185
371,000371.npy,16.619,
372,000372.npy,15.841,
373,000373.npy,16.483,
374,000374.npy,17.912,
375,000375.npy,16.984,
376,000376.npy,18.037,
377,000377.npy,15.587,
378,000378.npy,17.368,
379,000379.npy,15.846,
380,000380.npy,18.961,1185
381,000381.npy,17.856,
382,000382.npy,19.094,
383,000383.npy,18.188,
384,000384.npy,16.219,
385,000385.npy,16.111,
386,000386.npy,15.825,
387,000387.npy,15.882,
388,000388.npy,16.189,
389,000389.npy,16.360,
390,000390.npy,17.924,1185
391,000391.npy,17.323,
392,000392.npy,16.403,
393,000393.npy,15.923,
394,000394.npy,15.592,
395,000395.npy,15.809,
396,000396.npy,15.721,
397,000397.npy,17.154,
398,000398.npy,19.048,
399,000399.npy,18.474,
400,000400.npy,17.018,1185
401,000401.npy,16.027,
402,000402.npy,16.729,
403,000403.npy,15.852,
404,000404.npy,15.924,
405,000405.npy,18.241,
406,000406.npy,16.894,
407,000407.npy,17.279,
408,000408.npy,15.601,
409,000409.npy,15.733,
410,000410.npy,15.710,1185
411,000411.npy,16.702,
412,000412.npy,15.744,
413,000413.npy,15.647,
414,000414.npy,18.549,
415,000415.npy,18.990,
416,000416.npy,17.807,
417,000417.npy,17.945,
418,000418.npy,17.630,
419,000419.npy,16.403,
420,000420.npy,16.112,1080
421,000421.npy,18.732,
422,000422.npy,17.279,
423,000423.npy,17.474,
424,000424.npy,16.190,
425,000425.npy,16.320,
426,000426.npy,16.368,
427,000427.npy,16.244,
428,000428.npy,16.413,
429,000429.npy,18.867,
430,000430.npy,18.750,1035
431,000431.npy,18.775,
432,000432.npy,16.912,
433,000433.npy,16.873,
434,000434.npy,17.844,
435,000435.npy,17.502,
436,000436.npy,17.050,
437,000437.npy,17.252,
438,000438.npy,17.423,
439,000439.npy,17.427,
440,000440.npy,17.803,930
441,000441.npy,18.864,
442,000442.npy,19.104,
443,000443.npy,17.035,
444,000444.npy,19.984,
445,000445.npy,18.012,
446,000446.npy,19.328,
447,000447.npy,17.330,
448,000448.npy,17.575,
449,000449.npy,17.282,
450,000450.npy,17.255,930
451,000451.npy,16.676,
452,000452.npy,16.889,
453,000453.npy,17.238,
454,000454.npy,18.777,
455,000455.npy,17.378,
456,000456.npy,20.506,
457,000457.npy,20.332,
458,000458.npy,20.428,
459,000459.npy,18.894,
460,000460.npy,19.016,1020
461,000461.npy,17.301,
462,000462.npy,16.882,
463,000463.npy,17.430,
464,000464.npy,17.456,
465,000465.npy,17.951,
466,000466.npy,17.341,
467,000467.npy,17.172,
468,000468.npy,16.514,
469,000469.npy,16.155,
470,000470.npy,16.789,1125
471,000471.npy,16.120,
472,000472.npy,17.588,
473,000473.npy,18.972,
474,000474.npy,17.731,
475,000475.npy,17.859,
476,000476.npy,16.930,
477,000477.npy,17.355,
478,000478.npy,16.167,
479,000479.npy,16.262,
480,000480.npy,16.062,1125
481,000481.npy,16.029,
482,000482.npy,16.996,
483,000483.npy,15.997,
484,000484.npy,16.462,
485,000485.npy,16.154,
486,000486.npy,16.234,
487,000487.npy,16.071,
488,000488.npy,18.442,
489,000489.npy,16.054,
490,000490.npy,17.518,1125
491,000491.npy,17.905,
492,000492.npy,17.599,
493,000493.npy,16.449,
494,000494.npy,21.509,
495,000495.npy,16.317,
496,000496.npy,16.107,
497,000497.npy,17.135,
498,000498.npy,17.167,
499,000499.npy,16.150,
500,000500.npy,16.216,1125
501,000501.npy,15.877,
502,000502.npy,15.963,
503,000503.npy,15.870,
504,000504.npy,15.966,
505,000505.npy,16.529,
506,000506.npy,16.416,
507,000507.npy,18.322,
508,000508.npy,21.105,
509,000509.npy,18.510,
510,000510.npy,18.296,1125
511,000511.npy,15.976,
512,000512.npy,15.943,
513,000513.npy,15.906,
514,000514.npy,16.267,
515,000515.npy,15.992,
516,000516.npy,16.127,
517,000517.npy,16.192,
518,000518.npy,15.910,
519,000519.npy,16.026,
520,000520.npy,15.856,1125
521,000521.npy,15.828,
522,000522.npy,15.787,
523,000523.npy,18.090,
524,000524.npy,18.349,
525,000525.npy,17.188,
526,000526.npy,17.157,
527,000527.npy,17.224,
528,000528.npy,16.464,
529,000529.npy,15.938,
530,000530.npy,15.948,1170
531,000531.npy,15.846,
532,000532.npy,15.788,
533,000533.npy,15.718,
534,000534.npy,15.763,
535,000535.npy,16.798,
536,000536.npy,15.909,
537,000537.npy,15.928,
538,000538.npy,17.391,
539,000539.npy,17.134,
540,000540.npy,16.936,1170
541,000541.npy,19.099,
542,000542.npy,18.362,
543,000543.npy,17.469,
544,000544.npy,16.911,
545,000545.npy,17.562,
546,000546.npy,15.804,
547,000547.npy,16.152,
548,000548.npy,16.006,
549,000549.npy,15.923,
550,000550.npy,15.998,1170
551,000551.npy,15.633,
552,000552.npy,16.844,
553,000553.npy,16.041,
554,000554.npy,17.168,
555,000555.npy,18.260,
556,000556.npy,17.153,
557,000557.npy,17.751,
558,000558.npy,17.536,
559,000559.npy,18.927,
560,000560.npy,19.504,1170
561,000561.npy,16.039,
562,000562.npy,15.803,
563,000563.npy,15.847,
564,000564.npy,15.985,
565,000565.npy,15.856,
566,000566.npy,15.762,
567,000567.npy,16.645,
568,000568.npy,15.818,
569,000569.npy,15.871,
570,000570.npy,16.071,1170
571,000571.npy,17.669,
572,000572.npy,16.921,
573,000573.npy,15.790,
574,000574.npy,16.690,
575,000575.npy,17.847,
576,000576.npy,20.850,
577,000577.npy,18.803,
578,000578.npy,17.772,
579,000579.npy,17.358,
580,000580.npy,16.651,1080
581,000581.npy,16.261,
582,000582.npy,16.663,
583,000583.npy,16.343,
584,000584.npy,16.233,
585,000585.npy,16.427,
586,000586.npy,18.506,
587,000587.npy,18.499,
588,000588.npy,17.894,
589,000589.npy,16.666,
590,000590.npy,16.503,1080
591,000591.npy,17.453,
592,000592.npy,21.548,
593,000593.npy,19.321,
594,000594.npy,19.184,
595,000595.npy,18.078,
596,000596.npy,19.077,
597,000597.npy,17.905,
598,000598.npy,19.003,
599,000599.npy,16.582,
600,000600.npy,16.474,1035
601,000601.npy,18.752,
602,000602.npy,18.185,
603,000603.npy,17.351,
604,000604.npy,17.084,
605,000605.npy,16.806,
606,000606.npy,17.069,
607,000607.npy,17.194,
608,000608.npy,18.576,
609,000609.npy,19.869,
610,000610.npy,19.662,1005
611,000611.npy,18.316,
612,000612.npy,16.381,
613,000613.npy,16.293,
614,000614.npy,16.273,
615,000615.npy,16.433,
616,000616.npy,17.793,
617,000617.npy,17.969,
618,000618.npy,17.833,
619,000619.npy,18.875,
620,000620.npy,18.532,1005
621,000621.npy,17.398,
622,000622.npy,16.157,
623,000623.npy,16.335,
624,000624.npy,16.447,
625,000625.npy,19.434,
626,000626.npy,19.235,
627,000627.npy,17.649,
628,000628.npy,17.478,
629,000629.npy,17.857,
630,000630.npy,16.344,1095
631,000631.npy,18.096,
632,000632.npy,18.205,
633,000633.npy,16.213,
634,000634.npy,16.132,
635,000635.npy,16.304,
636,000636.npy,16.246,
637,000637.npy,17.340,
638,000638.npy,16.714,
639,000639.npy,16.159,
640,000640.npy,16.871,1095
641,000641.npy,19.231,
642,000642.npy,19.650,
643,000643.npy,18.198,
644,000644.npy,18.419,
645,000645.npy,18.329,
646,000646.npy,18.363,
647,000647.npy,18.432,
648,000648.npy,17.407,
649,000649.npy,16.651,
650,000650.npy,16.288,1095
651,000651.npy,16.241,
652,000652.npy,17.202,
653,000653.npy,16.315,
654,000654.npy,16.385,
655,000655.npy,16.284,
656,000656.npy,16.253,
657,000657.npy,16.207,
658,000658.npy,16.162,
659,000659.npy,20.153,
660,000660.npy,18.594,1095
661,000661.npy,18.653,
662,000662.npy,17.128,
663,000663.npy,19.021,
664,000664.npy,16.278,
665,000665.npy,16.153,
666,000666.npy,16.354,
667,000667.npy,16.282,
668,000668.npy,16.722,
669,000669.npy,16.772,
670,000670.npy,16.453,1050
671,000671.npy,16.513,
672,000672.npy,16.357,
673,000673.npy,16.110,
674,000674.npy,16.530,
675,000675.npy,17.654,
676,000676.npy,20.793,
677,000677.npy,18.990,
678,000678.npy,17.224,
679,000679.npy,17.763,
680,000680.npy,17.364,1050
681,000681.npy,18.998,
682,000682.npy,17.843,
683,000683.npy,18.141,
684,000684.npy,17.250,
685,000685.npy,16.366,
686,000686.npy,16.392,
687,000687.npy,16.300,
688,000688.npy,16.208,
689,000689.npy,16.162,
690,000690.npy,16.319,1080
691,000691.npy,16.345,
692,000692.npy,16.432,
693,000693.npy,19.982,
694,000694.npy,18.906,
695,000695.npy,20.222,
696,000696.npy,18.406,
697,000697.npy,17.420,
698,000698.npy,18.418,
699,000699.npy,16.612,
700,000700.npy,16.431,1080
701,000701.npy,16.555,
702,000702.npy,16.584,
703,000703.npy,16.243,
704,000704.npy,16.358,
705,000705.npy,16.329,
706,000706.npy,16.483,
707,000707.npy,16.437,
708,000708.npy,16.285,
709,000709.npy,18.437,
710,000710.npy,18.705,1080
711,000711.npy,17.183,
712,000712.npy,16.099,
713,000713.npy,16.454,
714,000714.npy,16.518,
715,000715.npy,17.547,
716,000716.npy,17.409,
717,000717.npy,16.026,
718,000718.npy,16.233,
719,000719.npy,16.397,
720,000720.npy,16.271,1110
721,000721.npy,16.244,
722,000722.npy,16.053,
723,000723.npy,16.296,
724,000724.npy,16.086,
725,000725.npy,18.534,
726,000726.npy,17.652,
727,000727.npy,18.281,
728,000728.npy,17.785,
729,000729.npy,17.954,
730,000730.npy,18.070,1110
731,000731.npy,16.398,
732,000732.npy,15.942,
733,000733.npy,16.342,
734,000734.npy,16.711,
735,000735.npy,16.177,
736,000736.npy,16.110,
737,000737.npy,16.404,
738,000738.npy,18.835,
739,000739.npy,18.544,
740,000740.npy,18.860,1110
741,000741.npy,17.188,
742,000742.npy,17.844,
743,000743.npy,17.805,
744,000744.npy,18.793,
745,000745.npy,18.173,
746,000746.npy,17.939,
747,000747.npy,18.528,
748,000748.npy,16.423,
749,000749.npy,16.377,
750,000750.npy,15.658,1110
751,000751.npy,16.128,
752,000752.npy,15.922,
753,000753.npy,16.090,
754,000754.npy,16.128,
755,000755.npy,18.485,
756,000756.npy,18.167,
757,000757.npy,18.555,
758,000758.npy,16.634,
759,000759.npy,16.174,
760,000760.npy,19.170,1110
761,000761.npy,18.021,
762,000762.npy,17.313,
763,000763.npy,17.575,
764,000764.npy,16.791,
765,000765.npy,16.465,
766,000766.npy,16.618,
767,000767.npy,17.231,
768,000768.npy,16.584,
769,000769.npy,16.356,
770,000770.npy,16.851,1110
771,000771.npy,17.167,
772,000772.npy,17.944,
773,000773.npy,16.067,
774,000774.npy,16.386,
775,000775.npy,16.530,
776,000776.npy,16.319,
777,000777.npy,20.641,
778,000778.npy,20.290,
779,000779.npy,18.528,
780,000780.npy,17.626,1080
781,000781.npy,16.283,
782,000782.npy,15.911,
783,000783.npy,16.296,
784,000784.npy,16.618,
785,000785.npy,16.218,
786,000786.npy,18.472,
787,000787.npy,17.413,
788,000788.npy,18.636,
789,000789.npy,16.372,
790,000790.npy,15.866,1080
791,000791.npy,16.062,
792,000792.npy,16.902,
793,000793.npy,18.576,
794,000794.npy,17.777,
795,000795.npy,18.086,
796,000796.npy,18.257,
797,000797.npy,16.550,
798,000798.npy,16.367,
799,000799.npy,16.228,
